{
  "breakout_by_failure_subtype": {
    "failed_follow_through": {
      "avg_follow_through": -0.06679373057157395,
      "count": 2,
      "failed_follow_through_rate": 1.0,
      "failure_rate": 1.0,
      "false_breakout_rate": 0.0,
      "median_follow_through": -0.06679373057157395,
      "success_rate": 0.0,
      "unresolved_rate": 0.0
    },
    "fast_false_breakout": {
      "avg_follow_through": -0.04890732670438281,
      "count": 50,
      "failed_follow_through_rate": 0.0,
      "failure_rate": 1.0,
      "false_breakout_rate": 1.0,
      "median_follow_through": -0.04159477476086082,
      "success_rate": 0.0,
      "unresolved_rate": 0.0
    },
    "late_failure": {
      "avg_follow_through": -0.13217279625086323,
      "count": 4,
      "failed_follow_through_rate": 0.0,
      "failure_rate": 1.0,
      "false_breakout_rate": 0.0,
      "median_follow_through": -0.08709337572465577,
      "success_rate": 0.0,
      "unresolved_rate": 0.0
    },
    "none": {
      "avg_follow_through": 0.03464582589843092,
      "count": 74,
      "failed_follow_through_rate": 0.0,
      "failure_rate": 0.0,
      "false_breakout_rate": 0.0,
      "median_follow_through": 0.026497309314366585,
      "success_rate": 1.0,
      "unresolved_rate": 0.0
    },
    "unresolved": {
      "avg_follow_through": 0.018003173909950664,
      "count": 5,
      "failed_follow_through_rate": 0.0,
      "failure_rate": 0.0,
      "false_breakout_rate": 0.0,
      "median_follow_through": 0.010580833781037143,
      "success_rate": 0.0,
      "unresolved_rate": 1.0
    }
  },
  "breakout_by_touch_count": {
    "second_touch": {
      "avg_follow_through": -0.0033617629283859275,
      "count": 135,
      "failed_follow_through_rate": 0.014814814814814815,
      "failure_rate": 0.4148148148148148,
      "false_breakout_rate": 0.37037037037037035,
      "median_follow_through": -0.007674795070072814,
      "success_rate": 0.5481481481481482,
      "unresolved_rate": 0.037037037037037035
    }
  },
  "defense_by_touch_count": {
    "first_touch": {
      "avg_reversal_strength": 0.07800158393357906,
      "avg_zone_defense_score": 2.68339235613189,
      "count": 354,
      "failed_hold_rate": 0.8870056497175142,
      "hold_rate": 0.096045197740113,
      "unresolved_rate": 0.01694915254237288
    },
    "second_touch": {
      "avg_reversal_strength": 0.06960239831613461,
      "avg_zone_defense_score": 1.8810712262978635,
      "count": 170,
      "failed_hold_rate": 0.9470588235294117,
      "hold_rate": 0.052941176470588235,
      "unresolved_rate": 0.0
    }
  }
}